0.00301474226836412,1.4175540048082,0.001,0.001,0.00101552935602531,2.00881006841145,1.14480935614936,0.001
0.00336087425445933,0.00124393336887671,0.001,0.001,2.68108284847413,0.001,0.93704865509186,0.001
0.228529991748228,1.09346922382944,0.001,2.43913702491859,0.00338360082283992,0.001,0.00180548853604191,0.001
1.18883970599255,0.001,2.63506492822838,0.001,0.001,0.001,0.001,0.001
0.001,0.001,0.001,0.001,0.001,0.001,0.001,2.58479879878707
0.00299357828465035,1.41754219989608,0.001,0.001,0.00108325570696345,2.00881148312702,1.14477240348102,0.001
0.00335952028530809,0.00123985456380673,0.001,0.001,2.68108441264975,0.001,0.937050851600639,0.001
0.228505247017131,1.09344327310714,0.001,2.43914884145675,0.0032968911489392,0.001,0.00196203898975799,0.001
0.001,0.001,0.001,0.001,0.001,0.001,0.001,2.58479879878707
1.18883970599255,0.001,2.63506492822838,0.001,0.001,0.001,0.001,0.001
0.00303686723156839,0.00136399693949797,0.001,0.001,2.6811091924722,0.001,0.937071747944636,0.001
0.228512787122313,1.09345110830237,0.001,2.43914464311178,0.00332627490195229,0.001,0.00191192508723908,0.001
0.001,0.001,0.001,0.001,0.001,0.001,0.001,2.58479879878707
0.00304484215880793,1.41751994778272,0.001,0.001,0.0011355288582902,2.00880546004381,1.14472851800133,0.001
1.18883970599255,0.001,2.63506492822838,0.001,0.001,0.001,0.001,0.001
0.001,0.001,0.001,0.001,0.001,0.001,0.001,2.58479879878707
0.228502059354567,1.09343969609205,0.001,2.43915042727264,0.00328476523852498,0.001,0.00198338000475174,0.001
1.18883970599255,0.001,2.63506492822838,0.001,0.001,0.001,0.001,0.001
0.00295853960938897,1.41754855880505,0.001,0.001,0.00108519230751318,2.0088151406897,1.1447791391547,0.001
0.0033511863303442,0.00125464755278166,0.001,0.001,2.68108140299804,0.001,0.93704616050026,0.001
0.0033827798429629,0.00125756713548458,0.001,0.001,2.68107401769898,0.001,0.93703700023565,0.001
0.001,0.001,0.001,0.001,0.001,0.001,0.001,2.58479879878707
0.228507259926491,1.09344536465285,0.001,2.43914757659554,0.00330545695636573,0.001,0.00194805778241145,0.001
1.18883970599255,0.001,2.63506492822838,0.001,0.001,0.001,0.001,0.001
0.00310891689018688,1.41753846986875,0.001,0.001,0.001,2.00879889765979,1.14480303864896,0.001
0.001,0.001,0.001,0.001,0.001,0.001,0.001,2.58479879878707
1.18883970599255,0.001,2.63506492822838,0.001,0.001,0.001,0.001,0.001
0.00349309471552494,0.00122219982368227,0.001,0.001,2.68106242648465,0.001,0.937025717777302,0.001
0.228521812088827,1.09346062365412,0.001,2.43914076228234,0.00335576685953027,0.001,0.0018565782384085,0.001
0.00285818443077915,1.41754277691876,0.001,0.001,0.00119027968107054,2.00882434232143,1.14473674447657,0.001
0.00272632658918329,0.0013056291111421,0.001,0.001,2.6811894543145,0.001,0.937172357574018,0.001
0.001,0.001,0.001,0.001,0.001,0.001,0.001,2.58479879878707
0.228497213069553,1.09343418740869,0.001,2.4391536692178,0.00326084669982967,0.001,0.00202094745681564,0.001
1.18883970599255,0.001,2.63506492822838,0.001,0.001,0.001,0.001,0.001
0.0026603834447088,1.41757521998763,0.001,0.001,0.00120965767229704,2.00884433320714,1.14476799749367,0.001
0.00339237555772923,0.00118385194407397,0.001,0.001,2.68109511158575,0.001,0.937068080377118,0.001
0.001,0.001,0.001,0.001,0.001,0.001,0.001,2.58479879878707
0.228469244211131,1.09340606788119,0.001,2.43921690106703,0.00288056314882353,0.001,0.002444855348426,0.001
1.18883970599255,0.001,2.63506492822838,0.001,0.001,0.001,0.001,0.001
0.0029564108774241,1.41753996191416,0.001,0.001,0.0011235514982752,2.00881489810028,1.14475593231643,0.001
0.001,0.001,0.001,0.001,0.001,0.001,0.001,2.58479879878707
0.228505123141647,1.09344310442006,0.001,2.43914866444879,0.00329762269733004,0.001,0.00196187429576449,0.001
0.00345504925387876,0.00101828730529204,0.001,0.001,2.68113363295366,0.001,0.937127313294643,0.001
1.18883970599255,0.001,2.63506492822838,0.001,0.001,0.001,0.001,0.001
0.0028273468667911,1.41754937134954,0.001,0.001,0.00118694568032789,2.00882752966383,1.14474557752046,0.001
0.00297756253294134,1.4175433116015,0.001,0.001,0.00109178538682393,2.00881306350771,1.14477076284138,0.001
0.001,0.001,0.001,0.001,0.001,0.001,0.001,2.58479879878707
1.18883970599255,0.001,2.63506492822838,0.001,0.001,0.001,0.001,0.001
0.00334748115765314,0.00128498186348488,0.001,0.001,2.68107235270875,0.001,0.937033122029322,0.001
0.22850890684276,1.09344704491795,0.001,2.43914648630971,0.00331273214745594,0.001,0.00193641816320618,0.001
0.001,0.001,0.001,0.001,0.001,0.001,0.001,2.58479879878707
0.00338527748039777,0.00118080971077352,0.001,0.001,2.68109749052065,0.001,0.937071194658434,0.001
0.00292843276114492,1.41753452078607,0.001,0.001,0.00116932183581687,2.0088172858595,1.14473398510856,0.001
0.228547789889051,1.09348806230123,0.001,2.43912955760956,0.00344092966056454,0.001,0.00169687977521698,0.001
1.18883970599255,0.001,2.63506492822838,0.001,0.001,0.001,0.001,0.001
0.00332838792471617,0.00129813780988482,0.001,0.001,2.68107196605416,0.001,0.937031726961738,0.001
1.18883970599255,0.001,2.63506492822838,0.001,0.001,0.001,0.001,0.001
0.001,0.001,0.001,0.001,0.001,0.001,0.001,2.58479879878707
0.00298659629254782,1.41752132038701,0.001,0.001,0.00117784405113076,2.00881105358253,1.14471555564919,0.001
0.22850493726502,1.09344289865005,0.001,2.4391487387032,0.00329703235346144,0.001,0.00196301039615652,0.001
0.00282629204885921,1.41754251427517,0.001,0.001,0.00121655812772362,2.00882731194579,1.144727563359,0.001
1.18883970599255,0.001,2.63506492822838,0.001,0.001,0.001,0.001,0.001
0.00339890715426551,0.00130098858242645,0.001,0.001,2.68105672632505,0.001,0.937013152716885,0.001
0.001,0.001,0.001,0.001,0.001,0.001,0.001,2.58479879878707
0.228490404951652,1.0934265142003,0.001,2.43915917531309,0.0032220080027475,0.001,0.00207823061201878,0.001
0.001,0.001,0.001,0.001,0.001,0.001,0.001,2.58479879878707
0.00336279354555906,0.00122651889653159,0.001,0.001,2.68108790744843,0.001,0.937056095574501,0.001
1.18883970599255,0.001,2.63506492822838,0.001,0.001,0.001,0.001,0.001
0.228493017206203,1.09342945022637,0.001,2.43915697281189,0.00323739587542302,0.001,0.00205583906861447,0.001
0.00291567049980463,1.41754663876332,0.001,0.001,0.00112862261472188,2.00881912344418,1.14476202164136,0.001
0.0033786184518054,0.00132464936747375,0.001,0.001,2.68105320560555,0.001,0.93700726712277,0.001
1.18883970599255,0.001,2.63506492822838,0.001,0.001,0.001,0.001,0.001
0.001,0.001,0.001,0.001,0.001,0.001,0.001,2.58479879878707
0.00301869722879941,1.41753861216979,0.001,0.001,0.00107773176051407,2.00880891052315,1.14477012754773,0.001
0.228513275135132,1.09345157963323,0.001,2.43914414231599,0.00332930912394101,0.001,0.0019077581110026,0.001
0.00292076979209067,1.4175429238185,0.001,0.001,0.00114015141464904,2.00881844573377,1.14475374454171,0.001
0.001,0.001,0.001,0.001,0.001,0.001,0.001,2.58479879878707
0.0034111149760958,0.00130045244218587,0.001,0.001,2.68105441835837,0.001,0.937010388886768,0.001
1.18883970599255,0.001,2.63506492822838,0.001,0.001,0.001,0.001,0.001
0.228501880671638,1.09343950432587,0.001,2.43915067240981,0.00328321235959965,0.001,0.00198533634222359,0.001
0.00301024503472984,1.4175035700133,0.001,0.001,0.00123360956800144,2.0088078813109,1.14467574530844,0.001
1.18883970599255,0.001,2.63506492822838,0.001,0.001,0.001,0.001,0.001
0.001,0.001,0.001,0.001,0.001,0.001,0.001,2.58479879878707
0.228502099424118,1.09343973819271,0.001,2.43915036282517,0.00328516386347947,0.001,0.0019828984819259,0.001
0.00323778505801586,0.00127256039074018,0.001,0.001,2.68109833446349,0.001,0.937065250568604,0.001
0.00292411564151551,1.41752915118255,0.001,0.001,0.0011953073209847,2.00881743350047,1.14471889678479,0.001
0.00338240413803526,0.00116416925446011,0.001,0.001,2.6811032202328,0.001,0.937079394164412,0.001
0.001,0.001,0.001,0.001,0.001,0.001,0.001,2.58479879878707
0.228501438507572,1.09343898577074,0.001,2.43915076255768,0.00328214482145211,0.001,0.00198780763532129,0.001
1.18883970599255,0.001,2.63506492822838,0.001,0.001,0.001,0.001,0.001
0.00337809557509341,0.00128489575555912,0.001,0.001,2.68106615722793,0.001,0.93702566050035,0.001
0.001,0.001,0.001,0.001,0.001,0.001,0.001,2.58479879878707
1.18883970599255,0.001,2.63506492822838,0.001,0.001,0.001,0.001,0.001
0.228497869359097,1.09343494555905,0.001,2.43915338046504,0.00326327353212984,0.001,0.00201655597270852,0.001
0.00311568528285493,1.41753715113761,0.001,0.001,0.001,2.00879818639811,1.14480151207589,0.001
0.22851225170388,1.09345040843544,0.001,2.43914395669198,0.00332906131196768,0.001,0.00191150615015918,0.001
0.001,0.001,0.001,0.001,0.001,0.001,0.001,2.58479879878707
1.18883970599255,0.001,2.63506492822838,0.001,0.001,0.001,0.001,0.001
0.00305052556335046,1.41752658542778,0.001,0.001,0.00110258604832807,2.0088052674006,1.14474757537178,0.001
0.00335669998871848,0.00125912433287868,0.001,0.001,2.68107883523931,0.001,0.937042750636567,0.001
0.001,0.001,0.001,0.001,0.001,0.001,0.001,2.58479879878707
0.00299935146007183,1.41751862614243,0.001,0.001,0.00117878128978979,2.00880970142896,1.14471208951489,0.001
0.00338681449221004,0.00123799033579882,0.001,0.001,2.68107937077951,0.001,0.937044921723163,0.001
0.228496396953354,1.09343327780969,0.001,2.43915447073982,0.00325541972351349,0.001,0.00202847873893699,0.001
1.18883970599255,0.001,2.63506492822838,0.001,0.001,0.001,0.001,0.001
0.228497627948084,1.09343452800503,0.001,2.43915168442973,0.00327216078525144,0.001,0.00200977658885768,0.001
0.00334216845721851,0.00126404322317531,0.001,0.001,2.68108019896662,0.001,0.937044045915978,0.001
0.001,0.001,0.001,0.001,0.001,0.001,0.001,2.58479879878707
1.18883970599255,0.001,2.63506492822838,0.001,0.001,0.001,0.001,0.001
0.00300323350261989,1.41755568120612,0.001,0.001,0.00101791836966604,2.0088112498235,1.14481047185073,0.001
0.228500728084603,1.09343819289399,0.001,2.43915141468573,0.00327768707569737,0.001,0.0019941282805731,0.001
0.00296697094537974,1.41754737169331,0.001,0.001,0.00108326537485876,2.00881427804397,1.14477842032325,0.001
1.18883970599255,0.001,2.63506492822838,0.001,0.001,0.001,0.001,0.001
0.00336159550318803,0.00124491111336745,0.001,0.001,2.68108239167084,0.001,0.937048029979281,0.001
0.001,0.001,0.001,0.001,0.001,0.001,0.001,2.58479879878707
0.001,0.001,0.001,0.001,0.001,0.001,0.001,2.58479879878707
0.00216279230793606,1.41765184642186,0.001,0.001,0.00127923502920026,2.00889440735827,1.14483330235425,0.001
0.00333806256636834,0.00127230608737158,0.001,0.001,2.68107835888686,0.001,0.937041247564889,0.001
0.22851359421622,1.0934519710481,0.001,2.43914437838726,0.00332850423389966,0.001,0.00190730966843976,0.001
1.18883970599255,0.001,2.63506492822838,0.001,0.001,0.001,0.001,0.001
0.228492329581246,1.09342856245434,0.001,2.43915601889909,0.00324169753476645,0.001,0.00205455742147121,0.001
0.0028156577423097,1.41755292050372,0.001,0.001,0.00118124829628003,2.00882878398525,1.14475163810104,0.001
1.18883970599255,0.001,2.63506492822838,0.001,0.001,0.001,0.001,0.001
0.0033169602828644,0.00125383460548784,0.001,0.001,2.6810885549572,0.001,0.937054830207918,0.001
0.001,0.001,0.001,0.001,0.001,0.001,0.001,2.58479879878707
0.228492167674212,1.09342849542445,0.001,2.43915769140851,0.003232378507386,0.001,0.00206313275963956,0.001
1.18883970599255,0.001,2.63506492822838,0.001,0.001,0.001,0.001,0.001
0.0030203030602188,1.41755443096293,0.001,0.001,0.00100912025305221,2.00880956111414,1.14481204375943,0.001
0.00341181121494997,0.00105217389889819,0.001,0.001,2.68113191013459,0.001,0.937122621426235,0.001
0.001,0.001,0.001,0.001,0.001,0.001,0.001,2.58479879878707
0.00335979202417986,0.00124257757403999,0.001,0.001,2.68108349883854,0.001,0.937049542264439,0.001
0.00293279714492134,1.41752538290342,0.001,0.001,0.00120421187829719,2.00881640717986,1.14471143386835,0.001
0.001,0.001,0.001,0.001,0.001,0.001,0.001,2.58479879878707
1.18883970599255,0.001,2.63506492822838,0.001,0.001,0.001,0.001,0.001
0.228504938203599,1.09344290648841,0.001,2.43914878766598,0.003296789701085,0.001,0.00196320620635637,0.001
0.228500398111966,1.09343780188415,0.001,2.43915143217655,0.00327715971214085,0.001,0.00199574175344434,0.001
1.18883970599255,0.001,2.63506492822838,0.001,0.001,0.001,0.001,0.001
0.00284972709172923,1.41756266677601,0.001,0.001,0.0011132364550797,2.00882606100407,1.14478597408341,0.001
0.001,0.001,0.001,0.001,0.001,0.001,0.001,2.58479879878707
0.00334362301029601,0.00120836245745194,0.001,0.001,2.68109740735741,0.001,0.937068960324623,0.001
0.228503625090587,1.0934414575021,0.001,2.43914950930733,0.00329153951269174,0.001,0.00197216674070575,0.001
1.18883970599255,0.001,2.63506492822838,0.001,0.001,0.001,0.001,0.001
0.001,0.001,0.001,0.001,0.001,0.001,0.001,2.58479879878707
0.00334681669821663,0.00127557785232738,0.001,0.001,2.68107552711718,0.001,0.937037608648407,0.001
0.00299782076350301,1.41756022718357,0.001,0.001,0.00100294939284295,2.00881200091171,1.14482088945839,0.001
1.18883970599255,0.001,2.63506492822838,0.001,0.001,0.001,0.001,0.001
0.00322880106084481,0.00129255512585944,0.001,0.001,2.68109376108719,0.001,0.937058324872428,0.001
0.228505480442193,1.0934435236991,0.001,2.43914870932079,0.00329781991469404,0.001,0.00196046238496474,0.001
0.001,0.001,0.001,0.001,0.001,0.001,0.001,2.58479879878707
0.00276293140277222,1.41760498017459,0.001,0.001,0.001,2.00883476292869,1.14487922597109,0.001
0.228553729154698,1.09349395363874,0.001,2.4391292291646,0.0034499872817243,0.001,0.00166971467009426,0.001
0.00301372126121866,1.41752509131728,0.001,0.001,0.00113873950807826,2.00880891636725,1.14473357717577,0.001
0.001,0.001,0.001,0.001,0.001,0.001,0.001,2.58479878881148
0.00339979022904468,0.00127318691924308,0.001,0.001,2.68106518629966,0.001,0.937025999336199,0.001
1.18883936207105,0.001,2.63506562070477,0.001,0.001,0.001,0.001,0.001
1.18883936207105,0.001,2.63506562070477,0.001,0.001,0.001,0.001,0.001
0.00336540499000474,0.00123088062057153,0.001,0.001,2.68108568265988,0.001,0.937053823985511,0.001
0.228496350578782,1.09343248776242,0.001,2.43915453715643,0.00325565691878005,0.001,0.00202935447118541,0.001
0.00300417091428288,1.41755020715619,0.001,0.001,0.00103972734804121,2.00881111600684,1.1447968598368,0.001
0.001,0.001,0.001,0.001,0.001,0.001,0.001,2.58479878881148
0.00291031455614941,1.41757703730101,0.001,0.001,0.001,2.00881975538697,1.14484723468966,0.001
0.00337837980930364,0.00134117735361161,0.001,0.001,2.6810479141163,0.001,0.936999727161438,0.001
0.001,0.001,0.001,0.001,0.001,0.001,0.001,2.58479879878707
0.228501785517553,1.0934393710391,0.001,2.43915043411677,0.00328436778265525,0.001,0.00198468492693165,0.001
1.18883970599255,0.001,2.63506492822838,0.001,0.001,0.001,0.001,0.001
1.18883970599255,0.001,2.63506492822838,0.001,0.001,0.001,0.001,0.001
0.00295535604453944,1.41754606632017,0.001,0.001,0.00109844504187424,2.00881531664472,1.14477167786471,0.001
0.00331290771195956,0.00125117455686722,0.001,0.001,2.68109020636487,0.001,0.937057005316596,0.001
0.001,0.001,0.001,0.001,0.001,0.001,0.001,2.58479879878707
0.228504653637751,1.09344258477119,0.001,2.43914887606021,0.0032959963872083,0.001,0.00196486345627873,0.001
0.228550135922308,1.09349079031728,0.001,2.43913021731933,0.00344034197284603,0.001,0.00168920644494127,0.001
0.0033972476204767,0.00127367812923361,0.001,0.001,2.68106588464676,0.001,0.937026064761222,0.001
0.00300497232139597,1.41755949766743,0.001,0.001,0.001,2.00881008078417,1.1448250183088,0.001
1.18883970599255,0.001,2.63506492822838,0.001,0.001,0.001,0.001,0.001
0.001,0.001,0.001,0.001,0.001,0.001,0.001,2.58479879878707
1.18883970599255,0.001,2.63506492822838,0.001,0.001,0.001,0.001,0.001
0.00358132313189052,0.001,0.001,0.001,2.68111205365561,0.001,0.93710879105382,0.001
0.001,0.001,0.001,0.001,0.001,0.001,0.001,2.58479879878707
0.228507096166063,1.09344518157448,0.001,2.43914757846098,0.0033052603018968,0.001,0.00194878470775966,0.001
0.00316510180351476,1.41752753453384,0.001,0.001,0.001,2.00879299477141,1.14479034320573,0.001
1.18883970599255,0.001,2.63506492822838,0.001,0.001,0.001,0.001,0.001
0.0032741901871621,0.00130123594672179,0.001,0.001,2.68108191961585,0.001,0.937043430631542,0.001
0.001,0.001,0.001,0.001,0.001,0.001,0.001,2.58479879878707
0.228520971284788,1.09345970429656,0.001,2.43914090262313,0.00335411425657199,0.001,0.00186084146127549,0.001
0.00283955543115004,1.41759055887086,0.001,0.001,0.001,2.00882693971274,1.14486260975958,0.001
0.228478139621842,1.09341343882868,0.001,2.43917809975852,0.00310309613661473,0.001,0.00222326605694019,0.001
0.001,0.001,0.001,0.001,0.001,0.001,0.001,2.58479879878707
0.00298062613052436,1.41753217253742,0.001,0.001,0.0011366581924563,2.00881219183276,1.14474235391504,0.001
1.18883970599255,0.001,2.63506492822838,0.001,0.001,0.001,0.001,0.001
0.00328496372708938,0.00125308120957817,0.001,0.001,2.6810951514766,0.001,0.937062817165619,0.001
0.228514042645568,1.09345174353847,0.001,2.43914428121644,0.00333014722744217,0.001,0.00190526597944423,0.001
0.00184964949204619,1.41777578966618,0.001,0.001,0.001,2.00892832909428,1.14507719593581,0.001
1.18883936207105,0.001,2.63506562070477,0.001,0.001,0.001,0.001,0.001
0.001,0.001,0.001,0.001,0.001,0.001,0.001,2.58479878881148
0.00337207675933115,0.00123847698035249,0.001,0.001,2.68108191791653,0.001,0.937048702969856,0.001
0.00298083408044785,1.41752745764603,0.001,0.001,0.0011558785129048,2.00881215729618,1.14473043081599,0.001
